name,team,pos,price,m_XGBoost,target,start,captain
Bart Verbruggen,Brighton,GK,4.5,3.65,7,1,0
Ferdi Kadıoğlu,Brighton,DEF,4.4,3.24,9,1,0
James Tarkowski,Everton,DEF,5.6,3.52,2,1,0
Matheus Nunes,Man City,DEF,5.4,3.59,1,1,0
Bukayo Saka,Arsenal,MID,10.3,5.49,4,1,0
Lucas Tolentino Coelho de Lima,West Ham,MID,5.9,4.29,0,1,0
Morgan Rogers,Aston Villa,MID,7.5,4.33,5,1,0
Phil Foden,Man City,MID,8.9,5.16,2,1,0
Erling Haaland,Man City,FWD,15.1,6.94,2,1,1
Jarrod Bowen,West Ham,FWD,7.7,5.55,4,1,0
Ollie Watkins,Aston Villa,FWD,8.6,4.6,7,1,0
Martin Dúbravka,Burnley,GK,4.0,2.62,1,0,0
Gabriel Gudmundsson,Leeds,DEF,3.8,2.49,2,0,0
Jaka Bijol,Leeds,DEF,3.9,2.71,4,0,0
Freddie Potts,West Ham,MID,4.4,2.85,1,0,0
