,,MAE,RMSE,R2,Spearman,Spearman_per_GW,Top10_actual_pts
VAL 2024-25 | all eligible,mean,1.528,2.456,-0.0,,,1.276
VAL 2024-25 | all eligible,prev_gw,1.226,2.699,-0.208,0.664,0.662,4.276
VAL 2024-25 | all eligible,roll5,1.117,2.19,0.205,0.69,0.686,5.213
VAL 2024-25 | all eligible,weighted5,1.104,2.2,0.197,0.704,0.702,5.266
VAL 2024-25 | all eligible,fpl_xP,0.945,1.898,0.403,0.703,0.756,7.955
VAL 2024-25 | all eligible,Ridge (linear),1.143,2.143,0.238,0.652,0.654,5.868
VAL 2024-25 | all eligible,Random Forest,1.056,2.055,0.3,0.705,0.704,5.671
VAL 2024-25 | all eligible,MLP (neural net),1.152,2.055,0.3,0.687,0.685,6.0
VAL 2024-25 | all eligible,XGBoost,1.047,2.036,0.313,0.705,0.704,5.824
VAL 2024-25 | all eligible,LightGBM,1.056,2.045,0.306,0.706,0.705,5.666
TEST 2025-26 | all eligible,mean,1.551,2.398,-0.0,,,0.716
TEST 2025-26 | all eligible,prev_gw,1.171,2.623,-0.197,0.703,0.702,3.653
TEST 2025-26 | all eligible,roll5,1.071,2.141,0.203,0.712,0.709,3.876
TEST 2025-26 | all eligible,weighted5,1.055,2.149,0.197,0.729,0.726,3.895
TEST 2025-26 | all eligible,fpl_xP,1.093,2.43,-0.027,0.3,0.767,2.924
TEST 2025-26 | all eligible,Ridge (linear),1.038,1.971,0.325,0.703,0.702,4.608
TEST 2025-26 | all eligible,Random Forest,0.969,1.955,0.335,0.722,0.719,4.758
TEST 2025-26 | all eligible,MLP (neural net),1.004,1.964,0.329,0.71,0.708,4.803
TEST 2025-26 | all eligible,XGBoost,0.981,1.955,0.335,0.718,0.715,5.029
TEST 2025-26 | all eligible,LightGBM,0.978,1.953,0.337,0.72,0.717,4.934
TEST 2025-26 | all eligible,XGBoost (walk-forward),0.987,1.951,0.338,0.718,0.716,4.805
TEST 2025-26 | regular players (>=30 avg min),mean,2.184,3.476,-0.257,,,2.474
TEST 2025-26 | regular players (>=30 avg min),prev_gw,2.699,4.052,-0.709,0.298,0.3,3.661
TEST 2025-26 | regular players (>=30 avg min),roll5,2.419,3.227,-0.084,0.229,0.229,3.876
TEST 2025-26 | regular players (>=30 avg min),weighted5,2.392,3.253,-0.101,0.29,0.29,3.9
TEST 2025-26 | regular players (>=30 avg min),fpl_xP,2.482,3.767,-0.476,0.112,0.657,4.1
TEST 2025-26 | regular players (>=30 avg min),Ridge (linear),2.119,2.94,0.101,0.384,0.383,4.613
TEST 2025-26 | regular players (>=30 avg min),Random Forest,2.082,2.932,0.105,0.382,0.379,4.737
TEST 2025-26 | regular players (>=30 avg min),MLP (neural net),2.105,2.942,0.099,0.373,0.371,4.811
TEST 2025-26 | regular players (>=30 avg min),XGBoost,2.09,2.924,0.11,0.39,0.387,5.013
TEST 2025-26 | regular players (>=30 avg min),LightGBM,2.084,2.923,0.111,0.394,0.391,4.924
TEST 2025-26 | regular players (>=30 avg min),XGBoost (walk-forward),2.103,2.918,0.114,0.392,0.39,4.795
