TEST 2025-26 | regular players (>=30 avg min),MAE,RMSE,R2,Spearman,Spearman_per_GW,Top10_actual_pts
mean,2.184,3.476,-0.257,,,2.474
prev_gw,2.699,4.052,-0.709,0.298,0.3,3.661
roll5,2.419,3.227,-0.084,0.229,0.229,3.876
weighted5,2.392,3.253,-0.101,0.29,0.29,3.9
fpl_xP,2.482,3.767,-0.476,0.112,0.657,4.1
Ridge (linear),2.119,2.94,0.101,0.384,0.383,4.613
Random Forest,2.082,2.932,0.105,0.382,0.379,4.737
MLP (neural net),2.105,2.942,0.099,0.373,0.371,4.811
XGBoost,2.09,2.924,0.11,0.39,0.387,5.013
LightGBM,2.084,2.923,0.111,0.394,0.391,4.924
XGBoost (walk-forward),2.103,2.918,0.114,0.392,0.39,4.795
