,spearman
points_ewm,0.3291210544432026
minutes_ewm,0.3213141710859708
points_last_1,0.3128357578422173
ict_index_last_3,0.3035832359053501
total_points_last_3,0.29349299992629635
minutes_last_3,0.29257901898913147
bps_last_3,0.272515422621759
total_points_last_5,0.27197259921142597
total_points_last_10,0.27121749608863277
ict_index_last_5,0.27110251667151036
influence_last_3,0.2577579368715546
minutes_last_5,0.2565868467594819
ict_index_last_10,0.25436613149869725
bps_last_5,0.24765595135112467
bps_last_10,0.234308217765129
