,importance
points_ewm,0.2510754
minutes_ewm,0.09516539
points_last_1,0.08432422
total_points_last_3,0.08365379
total_points_last_10,0.046192292
ict_index_last_5,0.034758627
ict_index_last_10,0.034215815
ict_index_last_3,0.026534403
minutes_last_3,0.024994044
n_fixtures,0.022962358
total_points_last_5,0.016289046
price,0.013315287
points_per_million,0.011873797
threat_last_10,0.011013389
creativity_last_3,0.009846861
expected_goal_involvements_last_10,0.009563019
minutes_last_5,0.008876451
opp_def_str,0.008623316
opp_ovr_str,0.0077651325
opp_att_str,0.0066427947
